Matricule;Boat_code;Date;Fishing_mode;latitude;longitude;Quadrant;"Code
FAO";Length;Resistance ;Reactance;Comments
SKJ_20210504_1;891;04/05/2021;FS;318;5326;2;SKJ;62;81,1;45,9;calee pure listao
SKJ_20210504_2;891;04/05/2021;FS;318;5326;2;SKJ;70;59,7;43,7;calee pure listao
SKJ_20210504_3;891;04/05/2021;FS;318;5326;2;SKJ;64;73,7;46,5;calee pure listao
SKJ_20210504_4;891;04/05/2021;FS;318;5326;2;SKJ;66;58,6;42,7;calee pure listao
SKJ_20210504_5;891;04/05/2021;FS;318;5326;2;SKJ;60;55,3;42,6;calee pure listao
SKJ_20210504_6;891;04/05/2021;FS;318;5326;2;SKJ;63;122,4;28,7;calee pure listao
SKJ_20210504_7;891;04/05/2021;FS;318;5326;2;SKJ;66;64,3;52,2;calee pure listao
SKJ_20210504_8;891;04/05/2021;FS;318;5326;2;SKJ;64;58,1;45,7;calee pure listao
SKJ_20210504_9;891;04/05/2021;FS;318;5326;2;SKJ;62;55,4;39,3;calee pure listao
SKJ_20210504_10;891;04/05/2021;FS;318;5326;2;SKJ;61;55,5;32,2;calee pure listao
YFT_20210513_1;891;13/05/2021;FAD;135;5411;1;YFT;47;77,5;41,8;
YFT_20210513_2;891;13/05/2021;FAD;135;5411;1;YFT;46;69;34,4;
YFT_20210513_3;891;13/05/2021;FAD;135;5411;1;YFT;51;72,4;37,6;
YFT_20210513_4;891;13/05/2021;FAD;135;5411;1;YFT;49;86,7;37,3;
YFT_20210513_5;891;13/05/2021;FAD;135;5411;1;YFT;48;66,1;36,4;
YFT_20210513_6;891;13/05/2021;FAD;135;5411;1;YFT;46;60,1;36,6;
YFT_20210513_7;891;13/05/2021;FAD;135;5411;1;YFT;47;54,4;32,8;
YFT_20210513_8;891;13/05/2021;FAD;135;5411;1;YFT;50;62,9;40,9;
YFT_20210513_9;891;13/05/2021;FAD;135;5411;1;YFT;49;55,5;34,6;
YFT_20210513_10;891;13/05/2021;FAD;135;5411;1;YFT;50;62,7;43,1;
YFT_20210513_11;891;13/05/2021;FAD;135;5411;1;YFT;55;65,3;43,3;
YFT_20210513_12;891;13/05/2021;FAD;135;5411;1;YFT;43;71,2;46,9;
SKJ_20210517_1;891;17/05/2021;FAD;10;4852;1;SKJ;46;65;39,4;
SKJ_20210517_2;891;17/05/2021;FAD;10;4852;1;SKJ;62;66,3;46;
SKJ_20210517_3;891;17/05/2021;FAD;10;4852;1;SKJ;59;61,6;42,7;
SKJ_20210517_4;891;17/05/2021;FAD;10;4852;1;SKJ;61;59,9;35,4;
SKJ_20210517_5;891;17/05/2021;FAD;10;4852;1;SKJ;49;66,3;46,3;
SKJ_20210517_6;891;17/05/2021;FAD;10;4852;1;SKJ;55;66,5;44,6;
SKJ_20210517_7;891;17/05/2021;FAD;10;4852;1;SKJ;50;62,1;42,3;
SKJ_20210517_8;891;17/05/2021;FAD;10;4852;1;SKJ;51;71,3;50,2;
SKJ_20210517_9;891;17/05/2021;FAD;10;4852;1;SKJ;46;68,4;45,6;
SKJ_20210517_10;891;17/05/2021;FAD;10;4852;1;SKJ;48;64,9;43,7;
SKJ_20210517_11;891;17/05/2021;FAD;10;4852;1;SKJ;49;61,9;43,9;
SKJ_20210517_12;891;17/05/2021;FAD;10;4852;1;SKJ;47;70,8;51,1;
SKJ_20210517_13;891;17/05/2021;FAD;10;4852;1;SKJ;60;61;43;
SKJ_20210517_14;891;17/05/2021;FAD;10;4852;1;SKJ;49;64,4;46,8;
SKJ_20210517_15;891;17/05/2021;FAD;10;4852;1;SKJ;45;63,5;46,2;
SKJ_20210517_16;891;17/05/2021;FAD;10;4852;1;SKJ;50;65,3;41,8;
SKJ_20210517_17;891;17/05/2021;FAD;10;4852;1;SKJ;58;56,1;37,4;
YFT_20210521_1;891;21/05/2021;FAD;49;5321;2;YFT;54;61,1;39;
YFT_20210521_2;891;21/05/2021;FAD;49;5321;2;YFT;53;67,6;42,6;
YFT_20210521_3;891;21/05/2021;FAD;49;5321;2;YFT;75;63;38,2;
YFT_20210521_4;891;21/05/2021;FAD;49;5321;2;YFT;35;54,7;51,2;
YFT_20210521_5;891;21/05/2021;FAD;49;5321;2;YFT;46;63,2;42,4;
YFT_20210521_6;891;21/05/2021;FAD;49;5321;2;YFT;52;68,7;39,8;
YFT_20210521_7;891;21/05/2021;FAD;49;5321;2;YFT;46;63;34,2;
YFT_20210521_8;891;21/05/2021;FAD;49;5321;2;YFT;47;28,5;48,1;
YFT_20210521_9;891;21/05/2021;FAD;49;5321;2;YFT;48;62,1;41,9;
YFT_20210521_10;891;21/05/2021;FAD;49;5321;2;YFT;56;62,2;42,3;
YFT_20210521_11;891;21/05/2021;FAD;49;5321;2;YFT;43;68;42,2;
YFT_20210521_12;891;21/05/2021;FAD;49;5321;2;YFT;49;68,6;46;
YFT_20210521_13;891;21/05/2021;FAD;49;5321;2;YFT;48;82;42,6;
YFT_20210521_14;891;21/05/2021;FAD;49;5321;2;YFT;46;59,8;39,6;
YFT_20210521_15;891;21/05/2021;FAD;49;5321;2;YFT;41;65,4;37,4;
YFT_20210521_16;891;21/05/2021;FAD;49;5321;2;YFT;39;34,2;45,6;
SKJ_20210611_1;891;11/06/2021;FS;22;5236;1;SKJ;63;62,6;41,2;calee pure listao
SKJ_20210611_2;891;11/06/2021;FS;22;5236;1;SKJ;65;57;38,6;calee pure listao
SKJ_20210611_3;891;11/06/2021;FS;22;5236;1;SKJ;63;60,4;36,4;calee pure listao
SKJ_20210611_4;891;11/06/2021;FS;22;5236;1;SKJ;62;57,3;37,5;calee pure listao
SKJ_20210611_5;891;11/06/2021;FS;22;5236;1;SKJ;69;60,8;35,1;calee pure listao
SKJ_20210611_6;891;11/06/2021;FS;22;5236;1;SKJ;62;59,8;35,9;calee pure listao
SKJ_20210611_7;891;11/06/2021;FS;22;5236;1;SKJ;63;60,7;36,4;calee pure listao
SKJ_20210611_8;891;11/06/2021;FS;22;5236;1;SKJ;62;49,4;27,7;calee pure listao
SKJ_20210611_9;891;11/06/2021;FS;22;5236;1;SKJ;64;62,6;36,5;calee pure listao
SKJ_20210611_10;891;11/06/2021;FS;22;5236;1;SKJ;67;61,2;32,8;calee pure listao
SKJ_20210611_11;891;11/06/2021;FS;22;5236;1;SKJ;62;53,7;34,2;calee pure listao
SKJ_20210611_12;891;11/06/2021;FS;22;5236;1;SKJ;69;50;28,9;calee pure listao
SKJ_20210611_13;891;11/06/2021;FS;22;5236;1;SKJ;60;53,3;36,1;calee pure listao
SKJ_20210611_14;891;11/06/2021;FS;22;5236;1;SKJ;64;62;38,8;calee pure listao
SKJ_20210611_15;891;11/06/2021;FS;22;5236;1;SKJ;71;53,1;30,8;calee pure listao
SKJ_20210611_16;891;11/06/2021;FS;22;5236;1;SKJ;68;62,8;31,6;calee pure listao
SKJ_20210611_17;891;11/06/2021;FS;22;5236;1;SKJ;62;53,9;35,9;calee pure listao
SKJ_20210611_18;891;11/06/2021;FS;22;5236;1;SKJ;60;58,6;40,3;calee pure listao
SKJ_20210611_19;891;11/06/2021;FS;22;5236;1;SKJ;60;55,6;37,7;calee pure listao
SKJ_20210616_1;891;06/06/2021;FAD;208;5622;1;SKJ;60;57,1;43,3;
SKJ_20210616_2;891;06/06/2021;FAD;208;5622;1;SKJ;56;62,8;40,6;
SKJ_20210616_3;891;06/06/2021;FAD;208;5622;1;SKJ;50;41,9;43,5;
SKJ_20210616_4;891;06/06/2021;FAD;208;5622;1;SKJ;54;54,4;38,4;
SKJ_20210616_5;891;06/06/2021;FAD;208;5622;1;SKJ;52;61,6;40,2;
SKJ_20210616_6;891;06/06/2021;FAD;208;5622;1;SKJ;61;86,4;24;
SKJ_20210616_7;891;06/06/2021;FAD;208;5622;1;SKJ;62;62,1;40,8;
SKJ_20210616_8;891;06/06/2021;FAD;208;5622;1;SKJ;57;57,8;33,7;
SKJ_20210616_9;891;06/06/2021;FAD;208;5622;1;SKJ;51;56,8;37,3;
SKJ_20210616_10;891;06/06/2021;FAD;208;5622;1;SKJ;56;59,9;40,2;
SKJ_20210616_11;891;06/06/2021;FAD;208;5622;1;SKJ;59;53,5;42,6;
SKJ_20210616_12;891;06/06/2021;FAD;208;5622;1;SKJ;59;57,7;39,5;
SKJ_20210616_13;891;06/06/2021;FAD;208;5622;1;SKJ;50;51,8;59,3;
SKJ_20210616_14;891;06/06/2021;FAD;208;5622;1;SKJ;54;55,5;40,2;
SKJ_20210616_15;891;06/06/2021;FAD;208;5622;1;SKJ;53;61,3;32,6;
SKJ_20210616_16;891;06/06/2021;FAD;208;5622;1;SKJ;53;65,1;43,3;
SKJ_20210616_17;891;06/06/2021;FAD;208;5622;1;SKJ;51;57,5;33,6;
SKJ_20210616_18;891;06/06/2021;FAD;208;5622;1;SKJ;53;55,2;14,6;
SKJ_20210616_19;891;06/06/2021;FAD;208;5622;1;SKJ;51;61,8;37,8;
SKJ_20210616_20;891;06/06/2021;FAD;208;5622;1;SKJ;55;69,3;28,4;
YFT_20210625_1;891;25/06/2021;FAD;124;5007;1;YFT;51;63,3;38,5;
YFT_20210625_2;891;25/06/2021;FAD;124;5007;1;YFT;53;68;38,6;
YFT_20210625_3;891;25/06/2021;FAD;124;5007;1;YFT;49;67,7;46,6;
YFT_20210625_4;891;25/06/2021;FAD;124;5007;1;YFT;51;66;36,2;
YFT_20210625_5;891;25/06/2021;FAD;124;5007;1;YFT;56;66,8;36,3;
YFT_20210625_6;891;25/06/2021;FAD;124;5007;1;YFT;51;68,3;35;
YFT_20210625_7;891;25/06/2021;FAD;124;5007;1;YFT;57;63,7;31,8;
YFT_20210625_8;891;25/06/2021;FAD;124;5007;1;YFT;51;60,9;31,6;
YFT_20210625_9;891;25/06/2021;FAD;124;5007;1;YFT;59;64,2;33,9;
YFT_20210625_10;891;25/06/2021;FAD;124;5007;1;YFT;55;67,5;39,3;
YFT_20210625_11;891;25/06/2021;FAD;124;5007;1;YFT;52;82,3;34,6;
YFT_20210625_12;891;25/06/2021;FAD;124;5007;1;YFT;58;63,1;32,3;
YFT_20210625_13;891;25/06/2021;FAD;124;5007;1;YFT;57;66,6;38,3;
YFT_20210625_14;891;25/06/2021;FAD;124;5007;1;YFT;63;699;137,6;
YFT_20210625_15;891;25/06/2021;FAD;124;5007;1;YFT;51;75,1;32,2;
YFT_20210625_16;891;25/06/2021;FAD;124;5007;1;YFT;56;65,7;34,3;
SKJ_20210626_1;891;26/06/2021;FAD;106;4939;1;SKJ;68;58,3;34;
SKJ_20210626_2;891;26/06/2021;FAD;106;4939;1;SKJ;65;71;28,7;
SKJ_20210626_3;891;26/06/2021;FAD;106;4939;1;SKJ;48;66,9;36,9;
SKJ_20210626_4;891;26/06/2021;FAD;106;4939;1;SKJ;67;59,3;37,8;
SKJ_20210626_5;891;26/06/2021;FAD;106;4939;1;SKJ;50;73,3;42,8;
SKJ_20210626_6;891;26/06/2021;FAD;106;4939;1;SKJ;65;62,3;32,6;
SKJ_20210626_7;891;26/06/2021;FAD;106;4939;1;SKJ;59;65,1;47,3;
SKJ_20210626_8;891;26/06/2021;FAD;106;4939;1;SKJ;60;62,1;42,3;
SKJ_20210626_9;891;26/06/2021;FAD;106;4939;1;SKJ;60;58,1;38,3;
SKJ_20210626_10;891;26/06/2021;FAD;106;4939;1;SKJ;64;61,9;36,6;
SKJ_20210626_11;891;26/06/2021;FAD;106;4939;1;SKJ;63;60,4;34,6;
SKJ_20210626_12;891;26/06/2021;FAD;106;4939;1;SKJ;49;63,7;43,8;
SKJ_20210626_13;891;26/06/2021;FAD;106;4939;1;SKJ;63;132,2;25,3;
SKJ_20210626_14;891;26/06/2021;FAD;106;4939;1;SKJ;62;62,2;31,1;
SKJ_20210626_15;891;26/06/2021;FAD;106;4939;1;SKJ;65;58,9;35,7;
SKJ_20210626_16;891;26/06/2021;FAD;106;4939;1;SKJ;66;32,6;28,3;
YFT_20210621_1;891;27/06/2021;FAD;110;4943;1;YFT;52;59,1;39,1;
YFT_20210621_2;891;27/06/2021;FAD;110;4943;1;YFT;53;64,4;34,1;
YFT_20210621_3;891;27/06/2021;FAD;110;4943;1;YFT;34;70,8;41,6;
YFT_20210621_4;891;27/06/2021;FAD;110;4943;1;YFT;61;66,1;38;
YFT_20210621_5;891;27/06/2021;FAD;110;4943;1;YFT;57;72,3;41,5;
YFT_20210621_6;891;27/06/2021;FAD;110;4943;1;YFT;52;61,7;37;
YFT_20210621_7;891;27/06/2021;FAD;110;4943;1;YFT;52;97,3;38,8;
YFT_20210621_8;891;27/06/2021;FAD;110;4943;1;YFT;48;73,2;37,3;
YFT_20210621_9;891;27/06/2021;FAD;110;4943;1;YFT;52;34,7;24,2;
YFT_20210621_10;891;27/06/2021;FAD;110;4943;1;YFT;52;38,9;23,8;
YFT_20210621_11;891;27/06/2021;FAD;110;4943;1;YFT;55;63,4;32,6;
YFT_20210621_12;891;27/06/2021;FAD;110;4943;1;YFT;54;79,2;43;
YFT_20210621_13;891;27/06/2021;FAD;110;4943;1;YFT;52;86,7;39,6;
YFT_20210621_14;891;27/06/2021;FAD;110;4943;1;YFT;52;68,7;40,7;
YFT_20210621_15;891;27/06/2021;FAD;110;4943;1;YFT;51;76,7;42,9;
YFT_20210621_16;891;27/06/2021;FAD;110;4943;1;YFT;55;79,4;44,7;
YFT_20210621_17;891;27/06/2021;FAD;110;4943;1;YFT;51;80,1;29,3;
SKJ_20220608_1;889;08/06/2022;FAD;325;5825;1;SKJ;58;117,8;62,2;
SKJ_20220608_2;889;08/06/2022;FAD;325;5825;1;SKJ;51;119;63;
SKJ_20220608_3;889;08/06/2022;FAD;325;5825;1;SKJ;54;122,6;61,9;
SKJ_20220608_4;889;08/06/2022;FAD;325;5825;1;SKJ;57;121,8;54,3;
SKJ_20220608_5;889;08/06/2022;FAD;325;5825;1;SKJ;49;118;54;
SKJ_20220608_6;889;08/06/2022;FAD;325;5825;1;SKJ;45;126,7;65,2;
SKJ_20220608_7;889;08/06/2022;FAD;325;5825;1;SKJ;46;105,2;58,5;
SKJ_20220608_8;889;08/06/2022;FAD;325;5825;1;SKJ;50;115,1;52;
SKJ_20220608_9;889;08/06/2022;FAD;325;5825;1;SKJ;60;111;55,1;
SKJ_20220608_10;889;08/06/2022;FAD;325;5825;1;SKJ;45;118;55,7;
SKJ_20220608_11;889;08/06/2022;FAD;325;5825;1;SKJ;47;101,3;48,1;
SKJ_20220608_12;889;08/06/2022;FAD;325;5825;1;SKJ;43;104,1;59;
SKJ_20220608_13;889;08/06/2022;FAD;325;5825;1;SKJ;46;103,3;52,5;
SKJ_20220608_14;889;08/06/2022;FAD;325;5825;1;SKJ;56;109,5;56,5;
SKJ_20220608_15;889;08/06/2022;FAD;325;5825;1;SKJ;49;103,6;58,7;
SKJ_20220608_16;889;08/06/2022;FAD;325;5825;1;SKJ;48;118,7;53,3;
SKJ_20220608_17;889;08/06/2022;FAD;325;5825;1;SKJ;45;109,9;67,2;
SKJ_20220608_18;889;08/06/2022;FAD;325;5825;1;SKJ;46;111,9;65;
SKJ_20220608_19;889;08/06/2022;FAD;325;5825;1;SKJ;43;116,6;65,9;
SKJ_20220608_20;889;08/06/2022;FAD;325;5825;1;SKJ;48;117,5;58,3;
SKJ_20220618_1;889;18/06/2022;FAD;403;6909;1;SKJ;45;127;55;problème de calibration
SKJ_20220618_2;889;18/06/2022;FAD;403;6909;1;SKJ;45;111,4;67,4;problème de calibration
SKJ_20220618_3;889;18/06/2022;FAD;403;6909;1;SKJ;45;125,2;57,8;problème de calibration
SKJ_20220618_4;889;18/06/2022;FAD;403;6909;1;SKJ;45;105,7;53,7;problème de calibration
SKJ_20220618_5;889;18/06/2022;FAD;403;6909;1;SKJ;45;111,2;48,7;problème de calibration
SKJ_20220618_6;889;18/06/2022;FAD;403;6909;1;SKJ;48;124,8;62;problème de calibration
SKJ_20220618_7;889;18/06/2022;FAD;403;6909;1;SKJ;44;114,6;54;problème de calibration
SKJ_20220618_8;889;18/06/2022;FAD;403;6909;1;SKJ;47;111,4;61,6;problème de calibration
SKJ_20220721_1;889;21/07/2022;FAD;220;6314;1;SKJ;45;122,7;64,3;Acier
SKJ_20220721_2;889;21/07/2022;FAD;220;6314;1;SKJ;47;137,1;71,5;Acier
SKJ_20220721_3;889;21/07/2022;FAD;220;6314;1;SKJ;48;112,7;75,4;Acier
SKJ_20220721_4;889;21/07/2022;FAD;220;6314;1;SKJ;46;111,9;71,1;Acier
SKJ_20220721_5;889;21/07/2022;FAD;220;6314;1;SKJ;42;113,7;71,5;Acier
SKJ_20220721_6;889;21/07/2022;FAD;220;6314;1;SKJ;47;101,1;62,4;Acier
SKJ_20220721_7;889;21/07/2022;FAD;220;6314;1;SKJ;46;110,2;69,3;Acier
SKJ_20220721_8;889;21/07/2022;FAD;220;6314;1;SKJ;48;109,5;62,9;Acier
SKJ_20220721_9;889;21/07/2022;FAD;220;6314;1;SKJ;50;104;62,9;Acier
SKJ_20220721_10;889;21/07/2022;FAD;220;6314;1;SKJ;51;117,4;75,5;Acier | Poisson abîmé avec morsure circulaire sur le ventre
SKJ_20220721_11;889;21/07/2022;FAD;220;6314;1;SKJ;51;117,3;65,6;Acier
SKJ_20220721_12;889;21/07/2022;FAD;220;6314;1;SKJ;45;95;64,3;Acier
SKJ_20220721_13;889;21/07/2022;FAD;220;6314;1;SKJ;46;86,2;35,9;Acier
SKJ_20220721_14;889;21/07/2022;FAD;220;6314;1;SKJ;46;98,5;65,8;Acier
SKJ_20220721_15;889;21/07/2022;FAD;220;6314;1;SKJ;46;104,4;68,1;Acier
SKJ_20220721_16;889;21/07/2022;FAD;220;6314;1;SKJ;55;98,3;51,6;Bois
SKJ_20220721_17;889;21/07/2022;FAD;220;6314;1;SKJ;42;103,5;67,9;Bois
SKJ_20220721_18;889;21/07/2022;FAD;220;6314;1;SKJ;46;85,9;56,6;Bois
SKJ_20220721_19;889;21/07/2022;FAD;220;6314;1;SKJ;47;108,3;65,4;Bois | Poisson abîmé à la tête
SKJ_20220721_20;889;21/07/2022;FAD;220;6314;1;SKJ;47;100,5;66,3;Bois
SKJ_20220721_21;889;21/07/2022;FAD;220;6314;1;SKJ;41;105,5;69,3;Bois
YFT_20220721_22;889;21/07/2022;FAD;220;6314;1;YFT;44;110,8;64,1;Bois
BET_20220721_23;889;21/07/2022;FAD;220;6314;1;BET;45;111,4;56;Bois
YFT_20220729_1;889;29/07/2022;FAD;154;5453;2;YFT;40;139,2;71,3;Bois
YFT_20220729_2;889;29/07/2022;FAD;154;5453;2;YFT;41;104,1;47,6;Bois | abimé sur le dos
YFT_20220729_3;889;29/07/2022;FAD;154;5453;2;YFT;41;98,9;54,7;Bois
YFT_20220729_4;889;29/07/2022;FAD;154;5453;2;YFT;41;92,3;53,5;Bois
YFT_20220729_5;889;29/07/2022;FAD;154;5453;2;YFT;43;95,9;52,1;Bois
YFT_20220729_6;889;29/07/2022;FAD;154;5453;2;YFT;40;108,4;51,3;Bois
YFT_20220729_7;889;29/07/2022;FAD;154;5453;2;YFT;42;102,2;57;Bois
YFT_20220729_8;889;29/07/2022;FAD;154;5453;2;YFT;45;104,2;55,2;Bois
YFT_20220729_9;889;29/07/2022;FAD;154;5453;2;YFT;44;105,2;50,1;Bois
YFT_20220729_10;889;29/07/2022;FAD;154;5453;2;YFT;45;89,1;46,9;Bois
YFT_20220729_11;889;29/07/2022;FAD;154;5453;2;YFT;45;91,1;52,7;Bois
YFT_20220729_12;889;29/07/2022;FAD;154;5453;2;YFT;45;96,1;54,3;Bois
YFT_20220729_13;889;29/07/2022;FAD;154;5453;2;YFT;42;100,1;58,1;Bois
YFT_20220729_14;889;29/07/2022;FAD;154;5453;2;YFT;43;87,8;50,2;Bois
YFT_20220729_15;889;29/07/2022;FAD;154;5453;2;YFT;44;105,9;49,8;Bois
BET_20220729_16;889;29/07/2022;FAD;154;5453;2;BET;39;95,8;48,1;Bois
BET_20220729_17;889;29/07/2022;FAD;154;5453;2;BET;41;98,7;49,7;Bois
SKJ_20220928_1;760;28/09/2022;FAD;1;4829;1;SKJ;58;154,3;84,6;
SKJ_20220928_2;760;28/09/2022;FAD;1;4829;1;SKJ;54;137;86,1;
SKJ_20220928_3;760;28/09/2022;FAD;1;4829;1;SKJ;48;134,1;77,8;
SKJ_20220928_4;760;28/09/2022;FAD;1;4829;1;SKJ;54;128,1;70,7;
SKJ_20220928_5;760;28/09/2022;FAD;1;4829;1;SKJ;64;121,8;74,8;
SKJ_20220928_6;760;28/09/2022;FAD;1;4829;1;SKJ;53;142,4;89,5;
SKJ_20220928_7;760;28/09/2022;FAD;1;4829;1;SKJ;54;130,6;72,7;
SKJ_20220928_8;760;28/09/2022;FAD;1;4829;1;SKJ;60;139,4;74,4;
SKJ_20220928_9;760;28/09/2022;FAD;1;4829;1;SKJ;56;143,5;66,9;
SKJ_20220928_10;760;28/09/2022;FAD;1;4829;1;SKJ;58;126,7;57;
SKJ_20220928_11;760;28/09/2022;FAD;1;4829;1;SKJ;53;139,5;63,7;
SKJ_20220928_12;760;28/09/2022;FAD;1;4829;1;SKJ;56;143,4;61,2;
SKJ_20220928_13;760;28/09/2022;FAD;1;4829;1;SKJ;55;143,1;75,8;
SKJ_20220928_14;760;28/09/2022;FAD;1;4829;1;SKJ;56;178,3;67,1;
SKJ_20220928_15;760;28/09/2022;FAD;1;4829;1;SKJ;51;145,4;71,9;
SKJ_20220928_16;760;28/09/2022;FAD;1;4829;1;SKJ;58;140;60;
SKJ_20220928_17;760;28/09/2022;FAD;1;4829;1;SKJ;62;134,3;58,5;
SKJ_20220928_18;760;28/09/2022;FAD;1;4829;1;SKJ;53;134,9;70,1;
SKJ_20220928_19;760;28/09/2022;FAD;1;4829;1;SKJ;55;134,5;63,2;
SKJ_20220928_20;760;28/09/2022;FAD;1;4829;1;SKJ;41;137,6;69,8;
SKJ_20220929_1;760;29/09/2022;FAD;122;5151;1;SKJ;49;153,6;71,8;
SKJ_20220929_2;760;29/09/2022;FAD;122;5151;1;SKJ;47;152,8;83,3;
SKJ_20220929_3;760;29/09/2022;FAD;122;5151;1;SKJ;49;159,4;76,3;
SKJ_20220929_4;760;29/09/2022;FAD;122;5151;1;SKJ;50;150,7;78,8;
SKJ_20220929_5;760;29/09/2022;FAD;122;5151;1;SKJ;56;135,4;71,9;
SKJ_20220929_6;760;29/09/2022;FAD;122;5151;1;SKJ;55;134,7;82,6;
SKJ_20220929_7;760;29/09/2022;FAD;122;5151;1;SKJ;52;128,9;63,4;
SKJ_20220929_8;760;29/09/2022;FAD;122;5151;1;SKJ;46;148,7;81,9;
SKJ_20220929_9;760;29/09/2022;FAD;122;5151;1;SKJ;48;153,5;85,1;
SKJ_20220929_10;760;29/09/2022;FAD;122;5151;1;SKJ;57;151,4;84,8;
SKJ_20220929_11;760;29/09/2022;FAD;122;5151;1;SKJ;48;153,6;80,1;
SKJ_20220929_12;760;29/09/2022;FAD;122;5151;1;SKJ;48;157,7;79,4;
SKJ_20220929_13;760;29/09/2022;FAD;122;5151;1;SKJ;49;144,1;82,4;
SKJ_20220929_14;760;29/09/2022;FAD;122;5151;1;SKJ;55;145;77,3;
SKJ_20220929_15;760;29/09/2022;FAD;122;5151;1;SKJ;52;136,4;73,5;
SKJ_20220929_16;760;29/09/2022;FAD;122;5151;1;SKJ;62;149,8;70,8;
SKJ_20220929_17;760;29/09/2022;FAD;122;5151;1;SKJ;48;141,1;71;
SKJ_20220929_18;760;29/09/2022;FAD;122;5151;1;SKJ;64;144,5;88;
SKJ_20220929_19;760;29/09/2022;FAD;122;5151;1;SKJ;54;137,4;74,9;
SKJ_20220929_20;760;29/09/2022;FAD;122;5151;1;SKJ;62;144,7;82,1;
YFT_20220929_1;760;29/09/2022;FAD;59;5205;1;YFT;50;135,2;72,3;calibrage dificile à faire
YFT_20220929_2;760;29/09/2022;FAD;59;5205;1;YFT;60;141,2;72,8;
YFT_20220929_3;760;29/09/2022;FAD;59;5205;1;YFT;41;121,8;72,7;
YFT_20220929_4;760;29/09/2022;FAD;59;5205;1;YFT;65;134,4;67,1;
YFT_20220929_5;760;29/09/2022;FAD;59;5205;1;YFT;51;160,6;66,7;
YFT_20220929_6;760;29/09/2022;FAD;59;5205;1;YFT;55;161,6;71,1;
YFT_20220929_7;760;29/09/2022;FAD;59;5205;1;YFT;51;149,2;72,3;
YFT_20220929_8;760;29/09/2022;FAD;59;5205;1;YFT;51;154,2;70,6;
YFT_20220929_9;760;29/09/2022;FAD;59;5205;1;YFT;65;136,2;74,4;
YFT_20220929_10;760;29/09/2022;FAD;59;5205;1;YFT;53;148,2;65,9;
YFT_20220929_11;760;29/09/2022;FAD;59;5205;1;YFT;60;192,2;65,8;
YFT_20220929_12;760;29/09/2022;FAD;59;5205;1;YFT;53;153;68,9;
YFT_20220929_13;760;29/09/2022;FAD;59;5205;1;YFT;44;140,6;65,4;
YFT_20220929_14;760;29/09/2022;FAD;59;5205;1;YFT;62;139,7;58,2;
YFT_20220929_15;760;29/09/2022;FAD;59;5205;1;YFT;50;138,3;62,2;
YFT_20220929_16;760;29/09/2022;FAD;59;5205;1;YFT;49;195,2;42,5;
YFT_20220929_17;760;29/09/2022;FAD;59;5205;1;YFT;61;198,1;63,6;
YFT_20220929_18;760;29/09/2022;FAD;59;5205;1;YFT;53;195,4;77,9;
YFT_20220929_19;760;29/09/2022;FAD;59;5205;1;YFT;51;140,6;63,9;
YFT_20220929_20;760;29/09/2022;FAD;59;5205;1;YFT;48;132,4;66,3;
SKJ_20220930_1;760;30/09/2022;FAD;1;4819;1;SKJ;49;141,9;54,9;
SKJ_20220930_2;760;30/09/2022;FAD;1;4819;1;SKJ;65;132,8;53;
SKJ_20220930_3;760;30/09/2022;FAD;1;4819;1;SKJ;55;146,2;65,8;
SKJ_20220930_4;760;30/09/2022;FAD;1;4819;1;SKJ;49;153,2;64,8;
SKJ_20220930_5;760;30/09/2022;FAD;1;4819;1;SKJ;48;148;60,3;
SKJ_20220930_6;760;30/09/2022;FAD;1;4819;1;SKJ;47;152,3;58;
SKJ_20220930_7;760;30/09/2022;FAD;1;4819;1;SKJ;53;150,5;74;
SKJ_20220930_8;760;30/09/2022;FAD;1;4819;1;SKJ;53;172,6;65,3;
SKJ_20220930_9;760;30/09/2022;FAD;1;4819;1;SKJ;57;144,6;52,8;
SKJ_20220930_10;760;30/09/2022;FAD;1;4819;1;SKJ;56;133,6;53,5;
SKJ_20220930_11;760;30/09/2022;FAD;1;4819;1;SKJ;55;128,7;61;
SKJ_20220930_12;760;30/09/2022;FAD;1;4819;1;SKJ;55;145,5;53,1;
SKJ_20220930_13;760;30/09/2022;FAD;1;4819;1;SKJ;57;139;58,6;
SKJ_20220930_14;760;30/09/2022;FAD;1;4819;1;SKJ;57;142,5;64,8;
SKJ_20220930_15;760;30/09/2022;FAD;1;4819;1;SKJ;49;129,3;61,7;
SKJ_20220930_16;760;30/09/2022;FAD;1;4819;1;SKJ;55;152,9;70,3;
SKJ_20220930_17;760;30/09/2022;FAD;1;4819;1;SKJ;51;135,1;65,6;
SKJ_20220930_18;760;30/09/2022;FAD;1;4819;1;SKJ;54;149,4;61,5;
SKJ_20220930_19;760;30/09/2022;FAD;1;4819;1;SKJ;52;145,2;56,5;
SKJ_20220930_20;760;30/09/2022;FAD;1;4819;1;SKJ;44;153,8;63;
SKJ_20221001_1;760;01/10/2022;FAD;121;5058;1;SKJ;58;146,4;74,1;
SKJ_20221001_2;760;01/10/2022;FAD;121;5058;1;SKJ;49;143,3;65,2;
SKJ_20221001_3;760;01/10/2022;FAD;121;5058;1;SKJ;50;136,5;60,8;
SKJ_20221001_4;760;01/10/2022;FAD;121;5058;1;SKJ;47;148,2;63,8;
SKJ_20221001_5;760;01/10/2022;FAD;121;5058;1;SKJ;63;149,2;70,9;
SKJ_20221001_6;760;01/10/2022;FAD;121;5058;1;SKJ;45;140,7;60,6;
SKJ_20221001_7;760;01/10/2022;FAD;121;5058;1;SKJ;46;156,9;73,8;
SKJ_20221001_8;760;01/10/2022;FAD;121;5058;1;SKJ;58;144,4;70,1;
SKJ_20221001_9;760;01/10/2022;FAD;121;5058;1;SKJ;48;144,2;55,2;
SKJ_20221001_10;760;01/10/2022;FAD;121;5058;1;SKJ;56;137;48,9;
SKJ_20221001_11;760;01/10/2022;FAD;121;5058;1;SKJ;65;150,9;55;
SKJ_20221001_12;760;01/10/2022;FAD;121;5058;1;SKJ;58;111,7;56,9;
SKJ_20221001_13;760;01/10/2022;FAD;121;5058;1;SKJ;51;136,1;53,4;
SKJ_20221001_14;760;01/10/2022;FAD;121;5058;1;SKJ;55;140,8;58,9;
SKJ_20221001_15;760;01/10/2022;FAD;121;5058;1;SKJ;57;124;50,7;
SKJ_20221001_16;760;01/10/2022;FAD;121;5058;1;SKJ;61;151,3;63,5;
SKJ_20221001_17;760;01/10/2022;FAD;121;5058;1;SKJ;48;174,1;52,5;
SKJ_20221001_18;760;01/10/2022;FAD;121;5058;1;SKJ;59;143,7;64,2;
SKJ_20221001_19;760;01/10/2022;FAD;121;5058;1;SKJ;63;183,8;21;
SKJ_20221001_20;760;01/10/2022;FAD;121;5058;1;SKJ;57;134;99,7;
SKJ_20221004_1;760;04/10/2022;FAD;114;5000;1;SKJ;49;139,4;63,2;calibrage dificile à faire
SKJ_20221004_2;760;04/10/2022;FAD;114;5000;1;SKJ;64;160,7;72,7;
SKJ_20221004_3;760;04/10/2022;FAD;114;5000;1;SKJ;63;151,1;70,3;
SKJ_20221004_4;760;04/10/2022;FAD;114;5000;1;SKJ;42;173,8;62,4;
SKJ_20221004_5;760;04/10/2022;FAD;114;5000;1;SKJ;54;139,2;50,4;
SKJ_20221004_6;760;04/10/2022;FAD;114;5000;1;SKJ;54;138;58,2;
SKJ_20221004_7;760;04/10/2022;FAD;114;5000;1;SKJ;59;142,5;57,8;
SKJ_20221004_8;760;04/10/2022;FAD;114;5000;1;SKJ;58;122;50,9;
SKJ_20221004_9;760;04/10/2022;FAD;114;5000;1;SKJ;56;137,7;54,3;
SKJ_20221004_10;760;04/10/2022;FAD;114;5000;1;SKJ;59;145,3;50,1;
SKJ_20221004_11;760;04/10/2022;FAD;114;5000;1;SKJ;63;148,2;64,8;
SKJ_20221004_12;760;04/10/2022;FAD;114;5000;1;SKJ;45;142,4;60,9;
SKJ_20221004_13;760;04/10/2022;FAD;114;5000;1;SKJ;48;174,4;74,4;
SKJ_20221004_14;760;04/10/2022;FAD;114;5000;1;SKJ;52;149,6;63,5;
SKJ_20221004_15;760;04/10/2022;FAD;114;5000;1;SKJ;55;144,3;73,6;
SKJ_20221004_16;760;04/10/2022;FAD;114;5000;1;SKJ;63;181,1;72;
SKJ_20221004_17;760;04/10/2022;FAD;114;5000;1;SKJ;46;156,2;71,5;
SKJ_20221004_18;760;04/10/2022;FAD;114;5000;1;SKJ;57;150,2;60,4;
SKJ_20221004_19;760;04/10/2022;FAD;114;5000;1;SKJ;59;156,3;70,8;
SKJ_20221004_20;760;04/10/2022;FAD;114;5000;1;SKJ;50;137,7;54,3;
YFT_20221121_1;889;21/11/2022;FAD;122;5029;1;YFT;72;106,9;45,5;
YFT_20221121_2;889;21/11/2022;FAD;122;5029;1;YFT;71;102,7;47,5;
YFT_20221121_3;889;21/11/2022;FAD;122;5029;1;YFT;75;111;50,1;
YFT_20221121_4;889;21/11/2022;FAD;122;5029;1;YFT;78;100,9;48,2;
YFT_20221121_5;889;21/11/2022;FAD;122;5029;1;YFT;73;113,1;49;
YFT_20221121_6;889;21/11/2022;FAD;122;5029;1;YFT;75;110,6;51,6;
YFT_20221121_7;889;21/11/2022;FAD;122;5029;1;YFT;77;112;51,7;
YFT_20221121_8;889;21/11/2022;FAD;122;5029;1;YFT;79;97,6;46,7;
YFT_20221121_9;889;21/11/2022;FAD;122;5029;1;YFT;75;115,7;58,6;
YFT_20221121_10;889;21/11/2022;FAD;122;5029;1;YFT;76;100,1;50,9;
BET_20221121_1;889;21/11/2022;FAD;122;5029;1;BET;57;110,3;55,5;
YFT_20221121_11;889;21/11/2022;FAD;122;5029;1;YFT;76;101,4;50,1;
YFT_20221121_12;889;21/11/2022;FAD;122;5029;1;YFT;71;106,6;51,5;
YFT_20221121_13;889;21/11/2022;FAD;122;5029;1;YFT;76;115,9;54,3;
YFT_20221121_14;889;21/11/2022;FAD;122;5029;1;YFT;74;107,7;54,5;
YFT_20221121_15;889;21/11/2022;FAD;122;5029;1;YFT;76;110,2;46,7;
YFT_20221121_16;889;21/11/2022;FAD;122;5029;1;YFT;74;104,6;54,7;
YFT_20221121_17;889;21/11/2022;FAD;122;5029;1;YFT;70;112,5;56,9;
YFT_20221121_18;889;21/11/2022;FAD;122;5029;1;YFT;53;108,5;57,6;
BET_20221121_2;889;21/11/2022;FAD;122;5029;1;BET;61;100;44,9;
BET_20221121_3;889;21/11/2022;FAD;122;5029;1;BET;61;107,7;52,8;
BET_20221121_4;889;21/11/2022;FAD;122;5029;1;BET;74;101,2;47,9;
YFT_20221123_1;889;23/11/2022;FAD;301;5352;1;YFT;74;119,9;59;tout juste mort
YFT_20221123_2;889;23/11/2022;FAD;301;5352;1;YFT;71;101,2;59,9;tout juste mort
BET_20221123_1;889;23/11/2022;FAD;301;5352;1;BET;52;103,5;52,8;tout juste mort
BET_20221123_2;889;23/11/2022;FAD;301;5352;1;BET;54;105,2;53,8;tout juste mort
YFT_20221123_3;889;23/11/2022;FAD;301;5352;1;YFT;74;106,6;46,8;tout juste mort
YFT_20221123_4;889;23/11/2022;FAD;301;5352;1;YFT;69;114,3;56,8;tout juste mort
YFT_20221123_5;889;23/11/2022;FAD;301;5352;1;YFT;54;112,8;55,1;tout juste mort
YFT_20221123_6;889;23/11/2022;FAD;301;5352;1;YFT;68;102,4;52,6;tout juste mort
YFT_20221123_7;889;23/11/2022;FAD;301;5352;1;YFT;73;107,4;51,7;tout juste mort
YFT_20221123_8;889;23/11/2022;FAD;301;5352;1;YFT;56;112,8;63,3;tout juste mort
YFT_20221123_9;889;23/11/2022;FAD;301;5352;1;YFT;61;104,9;54,3;tout juste mort
YFT_20221123_10;889;23/11/2022;FAD;301;5352;1;YFT;59;113,3;56,9;tout juste mort
YFT_20221123_11;889;23/11/2022;FAD;301;5352;1;YFT;59;102,1;59,3;tout juste mort
YFT_20221123_12;889;23/11/2022;FAD;301;5352;1;YFT;64;113,3;65,3;tout juste mort
YFT_20221123_13;889;23/11/2022;FAD;301;5352;1;YFT;70;116,2;58,8;tout juste mort
YFT_20221123_14;889;23/11/2022;FAD;301;5352;1;YFT;63;105,6;60,2;tout juste mort
YFT_20221123_15;889;23/11/2022;FAD;301;5352;1;YFT;65;104,6;63;tout juste mort
YFT_20221123_16;889;23/11/2022;FAD;301;5352;1;YFT;64;100,1;53,7;tout juste mort
YFT_20221123_17;889;23/11/2022;FAD;301;5352;1;YFT;128;99,2;46,9;à la demande du frigoriste
SKJ_20221127_1;889;27/11/2022;FAD;306;6520;1;SKJ;61;100,7;57,8;
SKJ_20221127_2;889;27/11/2022;FAD;306;6520;1;SKJ;48;104;60,4;
SKJ_20221127_3;889;27/11/2022;FAD;306;6520;1;SKJ;43;108,6;58,4;
SKJ_20221127_4;889;27/11/2022;FAD;306;6520;1;SKJ;43;100,9;55,2;
SKJ_20221127_5;889;27/11/2022;FAD;306;6520;1;SKJ;59;106;61,1;
SKJ_20221127_6;889;27/11/2022;FAD;306;6520;1;SKJ;52;112,9;62,4;
SKJ_20221127_7;889;27/11/2022;FAD;306;6520;1;SKJ;50;102,4;60,2;
SKJ_20221127_8;889;27/11/2022;FAD;306;6520;1;SKJ;47;106,1;59,3;
SKJ_20221127_9;889;27/11/2022;FAD;306;6520;1;SKJ;54;101,4;58,4;
SKJ_20221127_10;889;27/11/2022;FAD;306;6520;1;SKJ;48;105,3;64,7;
SKJ_20221127_11;889;27/11/2022;FAD;306;6520;1;SKJ;49;106,1;58,4;
SKJ_20221127_12;889;27/11/2022;FAD;306;6520;1;SKJ;48;105,3;64,7;
SKJ_20221127_13;889;27/11/2022;FAD;306;6520;1;SKJ;49;106,1;58,9;
SKJ_20221127_14;889;27/11/2022;FAD;306;6520;1;SKJ;51;115,9;62,7;
SKJ_20221127_14;889;27/11/2022;FAD;306;6520;1;SKJ;48;111,1;56,9;
SKJ_20221127_16;889;27/11/2022;FAD;306;6520;1;SKJ;52;112,3;60,1;
SKJ_20221127_17;889;27/11/2022;FAD;306;6520;1;SKJ;68;109,2;56;
SKJ_20221127_18;889;27/11/2022;FAD;306;6520;1;SKJ;48;115;58;
SKJ_20221127_19;889;27/11/2022;FAD;306;6520;1;SKJ;56;111,7;43,9;
SKJ_20221127_20;889;27/11/2022;FAD;306;6520;1;SKJ;64;96,9;55,4;
SKJ_20221127_21;889;27/11/2022;FAD;306;6520;1;SKJ;46;109,2;64,7;
YFT_20221127_1;889;27/11/2022;FAD;306;6520;1;YFT;34;96,3;40,6;
SKJ_20221127_22;889;27/11/2022;FAD;306;6520;1;SKJ;50;112,3;65,9;
SKJ_20221127_23;889;27/11/2022;FAD;306;6520;1;SKJ;48;114,6;66,6;
SKJ_20221127_24;889;27/11/2022;FAD;306;6520;1;SKJ;49;99,3;65,2;
SKJ_20221127_25;889;27/11/2022;FAD;306;6520;1;SKJ;46;112,3;56;
SKJ_20221127_26;889;27/11/2022;FAD;306;6520;1;SKJ;48;107;59,5;
SKJ_20221127_27;889;27/11/2022;FAD;306;6520;1;SKJ;50;104,5;68,5;
BET_20221130_1;889;30/11/2022;FAD;228;6820;1;BET;68;105,4;53,2;demandé du YFT mais indonésiens ont donnés du BET ()
BET_20221130_2;889;30/11/2022;FAD;228;6820;1;BET;75;96,4;52,9;demandé du YFT mais indonésiens ont donnés du BET ()
BET_20221130_3;889;30/11/2022;FAD;228;6820;1;BET;65;106,1;58,3;demandé du YFT mais indonésiens ont donnés du BET ()
BET_20221130_4;889;30/11/2022;FAD;228;6820;1;BET;58;114,3;63,2;demandé du YFT mais indonésiens ont donnés du BET ()
BET_20221130_5;889;30/11/2022;FAD;228;6820;1;BET;57;99,4;56,2;demandé du YFT mais indonésiens ont donnés du BET ()
BET_20221130_6;889;30/11/2022;FAD;228;6820;1;BET;53;118,1;61,6;demandé du YFT mais indonésiens ont donnés du BET ()
BET_20221130_7;889;30/11/2022;FAD;228;6820;1;BET;60;99,9;54,3;demandé du YFT mais indonésiens ont donnés du BET ()
BET_20221130_8;889;30/11/2022;FAD;228;6820;1;BET;53;108,8;55,5;demandé du YFT mais indonésiens ont donnés du BET ()
BET_20221130_9;889;30/11/2022;FAD;228;6820;1;BET;54;108,9;61,4;demandé du YFT mais indonésiens ont donnés du BET ()
BET_20221130_10;889;30/11/2022;FAD;228;6820;1;BET;51;104,5;52,9;demandé du YFT mais indonésiens ont donnés du BET ()
BET_20221130_11;889;30/11/2022;FAD;228;6820;1;BET;55;99,6;52,5;demandé du YFT mais indonésiens ont donnés du BET ()
BET_20221130_12;889;30/11/2022;FAD;228;6820;1;BET;59;100,8;51,7;demandé du YFT mais indonésiens ont donnés du BET ()
BET_20221130_13;889;30/11/2022;FAD;228;6820;1;BET;79;116,5;54,5;demandé du YFT mais indonésiens ont donnés du BET ()
BET_20221130_14;889;30/11/2022;FAD;228;6820;1;BET;56;105,9;58,7;demandé du YFT mais indonésiens ont donnés du BET ()
BET_20221130_15;889;30/11/2022;FAD;228;6820;1;BET;75;107,6;53,5;demandé du YFT mais indonésiens ont donnés du BET ()
BET_20221130_16;889;30/11/2022;FAD;228;6820;1;BET;82;106,6;48,9;demandé du YFT mais indonésiens ont donnés du BET ()
YFT_20230121_1;891;21/01/2023;FAD;112;5203;2;YFT;74;133,6;69,7;
YFT_20230121_2;891;21/01/2023;FAD;112;5203;2;YFT;53;136,6;68;
YFT_20230121_3;891;21/01/2023;FAD;112;5203;2;YFT;54;147,7;77,9;
YFT_20230121_4;891;21/01/2023;FAD;112;5203;2;YFT;62;132,7;66,4;
YFT_20230121_5;891;21/01/2023;FAD;112;5203;2;YFT;48;147,3;78,9;
YFT_20230121_6;891;21/01/2023;FAD;112;5203;2;YFT;54;136,8;71,8;
YFT_20230121_7;891;21/01/2023;FAD;112;5203;2;YFT;57;134;68,8;
YFT_20230121_8;891;21/01/2023;FAD;112;5203;2;YFT;53;147,3;81,3;
YFT_20230121_9;891;21/01/2023;FAD;112;5203;2;YFT;54;138,6;70,5;
YFT_20230121_10;891;21/01/2023;FAD;112;5203;2;YFT;53;132,4;61,5;
YFT_20230121_11;891;21/01/2023;FAD;112;5203;2;YFT;48;131,7;68;
YFT_20230121_12;891;21/01/2023;FAD;112;5203;2;YFT;49;129,5;69,9;
YFT_20230121_13;891;21/01/2023;FAD;112;5203;2;YFT;52;131,7;75,9;
YFT_20230121_14;891;21/01/2023;FAD;112;5203;2;YFT;54;143,1;70,7;
YFT_20230121_15;891;21/01/2023;FAD;112;5203;2;YFT;55;143,4;71,2;
YFT_20230121_16;891;21/01/2023;FAD;112;5203;2;YFT;54;145,6;67,3;
YFT_20230121_17;891;21/01/2023;FAD;112;5203;2;YFT;66;129,4;66,8;
YFT_20230121_18;891;21/01/2023;FAD;112;5203;2;YFT;54;135,4;69,6;
YFT_20230121_19;891;21/01/2023;FAD;112;5203;2;YFT;55;149,4;72,8;
SKJ_20230126_1;891;26/01/2023;FAD;440;6441;1;SKJ;42;150,9;71,5;
SKJ_20230126_2;891;26/01/2023;FAD;440;6441;1;SKJ;59;150,8;69,6;
SKJ_20230126_3;891;26/01/2023;FAD;440;6441;1;SKJ;44;160,9;67,4;
SKJ_20230126_4;891;26/01/2023;FAD;440;6441;1;SKJ;46;161,6;81,6;
SKJ_20230126_5;891;26/01/2023;FAD;440;6441;1;SKJ;40;142,4;63,3;
SKJ_20230126_6;891;26/01/2023;FAD;440;6441;1;SKJ;63;134,2;70;
SKJ_20230126_7;891;26/01/2023;FAD;440;6441;1;SKJ;41;156,8;64,2;
SKJ_20230126_8;891;26/01/2023;FAD;440;6441;1;SKJ;57;138,5;58;
SKJ_20230126_9;891;26/01/2023;FAD;440;6441;1;SKJ;41;170,2;67;
SKJ_20230126_10;891;26/01/2023;FAD;440;6441;1;SKJ;44;150,3;64,9;
SKJ_20230126_11;891;26/01/2023;FAD;440;6441;1;SKJ;55;133,9;55,7;
SKJ_20230126_12;891;26/01/2023;FAD;440;6441;1;SKJ;43;151,2;75;
SKJ_20230126_13;891;26/01/2023;FAD;440;6441;1;SKJ;44;154,7;66,5;
SKJ_20230126_14;891;26/01/2023;FAD;440;6441;1;SKJ;55;133,9;55,7;
SKJ_20230126_15;891;26/01/2023;FAD;440;6441;1;SKJ;43;151,2;75;
SKJ_20230126_16;891;26/01/2023;FAD;440;6441;1;SKJ;44;154,7;66,5;
SKJ_20230126_17;891;26/01/2023;FAD;440;6441;1;SKJ;41;144;60,4;
SKJ_20230126_18;891;26/01/2023;FAD;440;6441;1;SKJ;60;153;68,1;
SKJ_20230126_19;891;26/01/2023;FAD;440;6441;1;SKJ;42;136,6;58,7;
SKJ_20230126_20;891;26/01/2023;FAD;440;6441;1;SKJ;45;156,8;67,3;
SKJ_20230126_21;891;26/01/2023;FAD;440;6441;1;SKJ;57;128,7;47,2;
SKJ_20230126_22;891;26/01/2023;FAD;440;6441;1;SKJ;55;132,9;51,6;
SKJ_20230126_23;891;26/01/2023;FAD;440;6441;1;SKJ;43;146,8;65,5;
SKJ_20230126_24;891;26/01/2023;FAD;440;6441;1;SKJ;45;164,5;67,8;
YFT_20230127_1;891;27/01/2023;FAD;643;6628;1;YFT;47;145,8;67,8;
YFT_20230127_2;891;27/01/2023;FAD;643;6628;1;YFT;48;155,5;66,5;
YFT_20230127_3;891;27/01/2023;FAD;643;6628;1;YFT;46;142,4;72,5;
YFT_20230127_4;891;27/01/2023;FAD;643;6628;1;YFT;53;134,6;53;
YFT_20230127_5;891;27/01/2023;FAD;643;6628;1;YFT;47;157,8;65,6;
YFT_20230127_6;891;27/01/2023;FAD;643;6628;1;YFT;44;141,2;48,9;
YFT_20230127_7;891;27/01/2023;FAD;643;6628;1;YFT;55;137,9;60,9;
YFT_20230127_8;891;27/01/2023;FAD;643;6628;1;YFT;50;138,3;62,8;
YFT_20230127_9;891;27/01/2023;FAD;643;6628;1;YFT;49;147,5;70,5;
YFT_20230127_10;891;27/01/2023;FAD;643;6628;1;YFT;60;133,3;56,8;
YFT_20230127_11;891;27/01/2023;FAD;643;6628;1;YFT;49;145,9;62,8;
YFT_20230127_12;891;27/01/2023;FAD;643;6628;1;YFT;47;145,8;66;
YFT_20230127_13;891;27/01/2023;FAD;643;6628;1;YFT;47;150,1;70,7;
YFT_20230127_14;891;27/01/2023;FAD;643;6628;1;YFT;57;143,6;56,4;
YFT_20230127_15;891;27/01/2023;FAD;643;6628;1;YFT;56;136,9;61,5;
YFT_20230127_16;891;27/01/2023;FAD;643;6628;1;YFT;62;151,8;60,6;
YFT_20230127_17;891;27/01/2023;FAD;643;6628;1;YFT;57;137,7;56,8;
YFT_20230127_18;891;27/01/2023;FAD;643;6628;1;YFT;68;134,5;49,4;
YFT_20230127_19;891;27/01/2023;FAD;643;6628;1;YFT;48;149,8;70,4;
YFT_20230127_20;891;27/01/2023;FAD;643;6628;1;YFT;51;153,8;73;
SKJ_20230202_1;891;08/02/2023;FAD;603;5917;1;SKJ;48;135,1;56,1;
SKJ_20230202_2;891;08/02/2023;FAD;603;5917;1;SKJ;60;140;59,4;
SKJ_20230202_3;891;08/02/2023;FAD;603;5917;1;SKJ;63;143,6;56,2;
SKJ_20230202_4;891;08/02/2023;FAD;603;5917;1;SKJ;61;136,9;47;
SKJ_20230202_5;891;08/02/2023;FAD;603;5917;1;SKJ;62;136,9;53,1;
SKJ_20230202_6;891;08/02/2023;FAD;603;5917;1;SKJ;48;134,8;58,8;
SKJ_20230202_7;891;08/02/2023;FAD;603;5917;1;SKJ;59;126,3;51,2;
SKJ_20230202_8;891;08/02/2023;FAD;603;5917;1;SKJ;44;145,8;54,7;
SKJ_20230202_9;891;08/02/2023;FAD;603;5917;1;SKJ;44;139,3;52;
SKJ_20230202_10;891;08/02/2023;FAD;603;5917;1;SKJ;49;119,5;47,8;
SKJ_20230202_11;891;08/02/2023;FAD;603;5917;1;SKJ;45;134,4;58,7;
SKJ_20230202_12;891;08/02/2023;FAD;603;5917;1;SKJ;50;147,4;51,5;
SKJ_20230202_13;891;08/02/2023;FAD;603;5917;1;SKJ;61;120,1;42,4;
SKJ_20230202_14;891;08/02/2023;FAD;603;5917;1;SKJ;60;125,2;51,2;
SKJ_20230202_15;891;08/02/2023;FAD;603;5917;1;SKJ;60;131,2;50,4;
SKJ_20230202_16;891;08/02/2023;FAD;603;5917;1;SKJ;44;148,1;68,9;
SKJ_20230202_17;891;08/02/2023;FAD;603;5917;1;SKJ;62;134,3;57,1;
SKJ_20230202_18;891;08/02/2023;FAD;603;5917;1;SKJ;46;141,8;58;
SKJ_20230202_19;891;08/02/2023;FAD;603;5917;1;SKJ;44;148,5;64,7;
SKJ_20230202_20;891;08/02/2023;FAD;603;5917;1;SKJ;44;133;61,6;
YFT_20230202_1;891;08/02/2023;FAD;713;5817;1;YFT;45;150,7;59,9;
YFT_20230202_2;891;08/02/2023;FAD;713;5817;1;YFT;47;140,1;65,2;
YFT_20230202_3;891;08/02/2023;FAD;713;5817;1;YFT;46;163;76,8;
YFT_20230202_4;891;08/02/2023;FAD;713;5817;1;YFT;45;154,2;78,4;
YFT_20230202_5;891;08/02/2023;FAD;713;5817;1;YFT;46;157,8;78,3;
YFT_20230202_6;891;08/02/2023;FAD;713;5817;1;YFT;46;153,7;61,2;
YFT_20230202_7;891;08/02/2023;FAD;713;5817;1;YFT;46;170,5;88,3;
YFT_20230202_8;891;08/02/2023;FAD;713;5817;1;YFT;48;175,3;70,4;
YFT_20230202_9;891;08/02/2023;FAD;713;5817;1;YFT;45;151,2;81,5;
YFT_20230202_10;891;08/02/2023;FAD;713;5817;1;YFT;48;164;77,1;
YFT_20230202_11;891;08/02/2023;FAD;713;5817;1;YFT;46;149,2;70,5;
YFT_20230202_12;891;08/02/2023;FAD;713;5817;1;YFT;47;154,5;72,3;
YFT_20230202_13;891;08/02/2023;FAD;713;5817;1;YFT;46;161,6;79,5;
YFT_20230202_14;891;08/02/2023;FAD;713;5817;1;YFT;45;151,1;75,6;
YFT_20230202_15;891;08/02/2023;FAD;713;5817;1;YFT;47;161,4;82;
YFT_20230202_16;891;08/02/2023;FAD;713;5817;1;YFT;48;174,4;66,5;
YFT_20230202_17;891;08/02/2023;FAD;713;5817;1;YFT;46;159;73,4;
YFT_20230202_18;891;08/02/2023;FAD;713;5817;1;YFT;47;154,6;76,3;
YFT_20230202_19;891;08/02/2023;FAD;713;5817;1;YFT;47;156,8;73,9;
YFT_20230202_20;891;08/02/2023;FAD;713;5817;1;YFT;46;155;76,2;
YFT_20230202_21;891;08/02/2023;FAD;713;5817;1;YFT;49;161,1;79,4;
SKJ_20230213_1;891;13/02/2023;FAD;332;5449;2;SKJ;59;140,5;46,6;
SKJ_20230213_2;891;13/02/2023;FAD;332;5449;2;SKJ;58;129,9;53,4;
SKJ_20230213_3;891;13/02/2023;FAD;332;5449;2;SKJ;57;142,7;62,3;
SKJ_20230213_4;891;13/02/2023;FAD;332;5449;2;SKJ;59;114,7;38;
SKJ_20230213_5;891;13/02/2023;FAD;332;5449;2;SKJ;55;132,5;52,5;
SKJ_20230213_6;891;13/02/2023;FAD;332;5449;2;SKJ;57;133,4;52;
SKJ_20230213_7;891;13/02/2023;FAD;332;5449;2;SKJ;59;134,1;56,3;
SKJ_20230213_8;891;13/02/2023;FAD;332;5449;2;SKJ;58;141,8;55,6;
SKJ_20230213_9;891;13/02/2023;FAD;332;5449;2;SKJ;57;124,7;53,5;
SKJ_20230213_10;891;13/02/2023;FAD;332;5449;2;SKJ;59;126,5;51,5;
SKJ_20230213_11;891;13/02/2023;FAD;332;5449;2;SKJ;59;126,3;54;
SKJ_20230213_12;891;13/02/2023;FAD;332;5449;2;SKJ;61;132,7;50,1;
SKJ_20230213_13;891;13/02/2023;FAD;332;5449;2;SKJ;57;126;48,1;
SKJ_20230213_14;891;13/02/2023;FAD;332;5449;2;SKJ;57;124,3;43;
SKJ_20230213_15;891;13/02/2023;FAD;332;5449;2;SKJ;58;126,9;50,9;
SKJ_20230213_16;891;13/02/2023;FAD;332;5449;2;SKJ;57;139,6;58,3;
SKJ_20230213_17;891;13/02/2023;FAD;332;5449;2;SKJ;59;128,1;49,4;
SKJ_20230213_18;891;13/02/2023;FAD;332;5449;2;SKJ;57;139,4;62;
SKJ_20230213_19;891;13/02/2023;FAD;332;5449;2;SKJ;58;140,5;50,6;
SKJ_20230213_20;891;13/02/2023;FAD;332;5449;2;SKJ;58;132,8;52,4;
SKJ_20230227_1;891;27/02/2023;FAD;419;4914;2;SKJ;52;156,6;68,6;
SKJ_20230227_2;891;27/02/2023;FAD;419;4914;2;SKJ;52;145,1;50,8;
SKJ_20230227_3;891;27/02/2023;FAD;419;4914;2;SKJ;52;145,6;57,8;
SKJ_20230227_4;891;27/02/2023;FAD;419;4914;2;SKJ;51;131,6;49,1;
SKJ_20230227_5;891;27/02/2023;FAD;419;4914;2;SKJ;50;155,4;62,5;
SKJ_20230227_6;891;27/02/2023;FAD;419;4914;2;SKJ;51;135,4;45,3;
SKJ_20230227_7;891;27/02/2023;FAD;419;4914;2;SKJ;58;164;64,2;
SKJ_20230227_8;891;27/02/2023;FAD;419;4914;2;SKJ;55;141;47;
SKJ_20230227_9;891;27/02/2023;FAD;419;4914;2;SKJ;55;135,1;53,6;
SKJ_20230227_10;891;27/02/2023;FAD;419;4914;2;SKJ;58;143;50,5;
SKJ_20230227_11;891;27/02/2023;FAD;419;4914;2;SKJ;52;150,6;58,3;
SKJ_20230227_12;891;27/02/2023;FAD;419;4914;2;SKJ;53;140,6;54,9;
SKJ_20230227_13;891;27/02/2023;FAD;419;4914;2;SKJ;54;142,6;55,9;
SKJ_20230227_14;891;27/02/2023;FAD;419;4914;2;SKJ;50;124,1;47,1;
SKJ_20230227_15;891;27/02/2023;FAD;419;4914;2;SKJ;60;141,2;49,1;
SKJ_20230227_16;891;27/02/2023;FAD;419;4914;2;SKJ;50;148,7;58,2;
SKJ_20230227_17;891;27/02/2023;FAD;419;4914;2;SKJ;51;144,5;57,4;
SKJ_20230227_18;891;27/02/2023;FAD;419;4914;2;SKJ;52;143,6;59;
SKJ_20230227_19;891;27/02/2023;FAD;419;4914;2;SKJ;55;147,1;55,5;
SKJ_20230227_20;891;27/02/2023;FAD;419;4914;2;SKJ;51;133,9;43,7;
SKJ_20230227_21;891;27/02/2023;FAD;419;4914;2;SKJ;50;127,8;48,3;
SKJ_20230227_22;891;27/02/2023;FAD;419;4914;2;SKJ;50;139,7;53,6;
YFT_20230301_1;891;01/03/2023;FAD;422;4948;2;YFT;57;119,6;38;
YFT_20230301_2;891;01/03/2023;FAD;422;4948;2;YFT;58;132;51,6;
YFT_20230301_3;891;01/03/2023;FAD;422;4948;2;YFT;54;103,6;30,6;
YFT_20230301_4;891;01/03/2023;FAD;422;4948;2;YFT;57;131,5;48,4;
YFT_20230301_5;891;01/03/2023;FAD;422;4948;2;YFT;57;129,9;41,7;
YFT_20230301_6;891;01/03/2023;FAD;422;4948;2;YFT;58;124,1;52;
YFT_20230301_7;891;01/03/2023;FAD;422;4948;2;YFT;56;128,3;33,7;
YFT_20230301_8;891;01/03/2023;FAD;422;4948;2;YFT;58;121,1;37,4;
YFT_20230301_9;891;01/03/2023;FAD;422;4948;2;YFT;59;151,6;56,3;
YFT_20230301_10;891;01/03/2023;FAD;422;4948;2;YFT;58;131,7;49,9;
YFT_20230301_11;891;01/03/2023;FAD;422;4948;2;YFT;57;129,8;45,2;
YFT_20230301_12;891;01/03/2023;FAD;422;4948;2;YFT;59;133,6;45,7;
YFT_20230301_13;891;01/03/2023;FAD;422;4948;2;YFT;58;120,2;45,6;
YFT_20230301_14;891;01/03/2023;FAD;422;4948;2;YFT;57;118,8;42,1;
YFT_20230301_15;891;01/03/2023;FAD;422;4948;2;YFT;56;129,5;49,2;
YFT_20230301_16;891;01/03/2023;FAD;422;4948;2;YFT;57;104,8;33,9;
YFT_20230301_17;891;01/03/2023;FAD;422;4948;2;YFT;53;128;46,6;
YFT_20230301_18;891;01/03/2023;FAD;422;4948;2;YFT;58;123,6;41,2;
YFT_20230301_19;891;01/03/2023;FAD;422;4948;2;YFT;54;130;43,7;
YFT_20230301_20;891;01/03/2023;FAD;422;4948;2;YFT;56;143,7;51,7;
YFT_20230301_21;891;01/03/2023;FAD;422;4948;2;YFT;54;118,4;46,6;
SKJ_20230302_1;891;02/03/2023;FAD;427;4927;2;SKJ;50;151,4;53,5;
SKJ_20230302_2;891;02/03/2023;FAD;427;4927;2;SKJ;54;151,3;50,4;
SKJ_20230302_3;891;02/03/2023;FAD;427;4927;2;SKJ;51;142,2;48,8;
SKJ_20230302_4;891;02/03/2023;FAD;427;4927;2;SKJ;51;141,1;51,1;
SKJ_20230302_5;891;02/03/2023;FAD;427;4927;2;SKJ;51;147,8;55,9;
SKJ_20230302_6;891;02/03/2023;FAD;427;4927;2;SKJ;50;136,7;48,7;
SKJ_20230302_7;891;02/03/2023;FAD;427;4927;2;SKJ;55;138,5;49,4;
SKJ_20230302_8;891;02/03/2023;FAD;427;4927;2;SKJ;51;121,7;39,1;
SKJ_20230302_9;891;02/03/2023;FAD;427;4927;2;SKJ;52;154;64,9;
SKJ_20230302_10;891;02/03/2023;FAD;427;4927;2;SKJ;51;149,8;54,4;
SKJ_20230302_11;891;02/03/2023;FAD;427;4927;2;SKJ;52;144,1;56,5;
SKJ_20230302_12;891;02/03/2023;FAD;427;4927;2;SKJ;50;144,9;66,6;
SKJ_20230302_13;891;02/03/2023;FAD;427;4927;2;SKJ;49;149;63,5;
SKJ_20230302_14;891;02/03/2023;FAD;427;4927;2;SKJ;50;138,7;52,8;
SKJ_20230302_15;891;02/03/2023;FAD;427;4927;2;SKJ;53;136,6;56,8;
SKJ_20230302_16;891;02/03/2023;FAD;427;4927;2;SKJ;52;146,1;52,7;
SKJ_20230302_17;891;02/03/2023;FAD;427;4927;2;SKJ;52;137,5;48,3;
SKJ_20230302_18;891;02/03/2023;FAD;427;4927;2;SKJ;50;140,2;54,5;
SKJ_20230302_19;891;02/03/2023;FAD;427;4927;2;SKJ;48;145,7;57,4;
SKJ_20230302_20;891;02/03/2023;FAD;427;4927;2;SKJ;51;132,1;57,3;
YFT_20230311_1;891;11/03/2023;FAD;358;5036;2;YFT;60;140,8;51;
YFT_20230311_2;891;11/03/2023;FAD;358;5036;2;YFT;63;145,9;58,3;
YFT_20230311_3;891;11/03/2023;FAD;358;5036;2;YFT;57;122,3;50,9;
YFT_20230311_4;891;11/03/2023;FAD;358;5036;2;YFT;59;137,7;53,4;
YFT_20230311_5;891;11/03/2023;FAD;358;5036;2;YFT;59;132,2;50,3;
YFT_20230311_6;891;11/03/2023;FAD;358;5036;2;YFT;40;131,8;54;
YFT_20230311_7;891;11/03/2023;FAD;358;5036;2;YFT;58;139,3;61;
YFT_20230311_8;891;11/03/2023;FAD;358;5036;2;YFT;58;132,1;49,2;
YFT_20230311_9;891;11/03/2023;FAD;358;5036;2;YFT;58;144,4;57,2;
YFT_20230311_10;891;11/03/2023;FAD;358;5036;2;YFT;58;140,5;65,5;
YFT_20230311_11;891;11/03/2023;FAD;358;5036;2;YFT;59;132,3;52,5;
YFT_20230311_12;891;11/03/2023;FAD;358;5036;2;YFT;60;145,4;44,9;
YFT_20230311_13;891;11/03/2023;FAD;358;5036;2;YFT;58;140,2;53,8;
YFT_20230311_14;891;11/03/2023;FAD;358;5036;2;YFT;56;145,7;55,7;
YFT_20230311_15;891;11/03/2023;FAD;358;5036;2;YFT;57;142;67,7;
YFT_20230311_16;891;11/03/2023;FAD;358;5036;2;YFT;57;154,9;70,7;
YFT_20230311_17;891;11/03/2023;FAD;358;5036;2;YFT;58;162,5;57;
YFT_20230311_18;891;11/03/2023;FAD;358;5036;2;YFT;57;151,1;66,9;
YFT_20230311_19;891;11/03/2023;FAD;358;5036;2;YFT;64;135,1;43,1;
YFT_20230311_20;891;11/03/2023;FAD;358;5036;2;YFT;59;150,1;58,2;
YFT_20230311_21;891;11/03/2023;FAD;358;5036;2;YFT;58;149,2;66,7;
SKJ_20230312_1;891;12/03/2023;FAD;322;5240;2;SKJ;61;133,8;53,3;
SKJ_20230312_2;891;12/03/2023;FAD;322;5240;2;SKJ;58;143,8;56;
SKJ_20230312_3;891;12/03/2023;FAD;322;5240;2;SKJ;60;141,9;55,3;
SKJ_20230312_4;891;12/03/2023;FAD;322;5240;2;SKJ;59;131,8;57,9;
SKJ_20230312_5;891;12/03/2023;FAD;322;5240;2;SKJ;61;145;56,2;
SKJ_20230312_6;891;12/03/2023;FAD;322;5240;2;SKJ;60;134,8;56;
SKJ_20230312_7;891;12/03/2023;FAD;322;5240;2;SKJ;60;149,1;60,3;
SKJ_20230312_8;891;12/03/2023;FAD;322;5240;2;SKJ;58;133,5;53,8;
SKJ_20230312_9;891;12/03/2023;FAD;322;5240;2;SKJ;58;125,7;50,2;
SKJ_20230312_10;891;12/03/2023;FAD;322;5240;2;SKJ;58;140,7;50,4;
SKJ_20230312_11;891;12/03/2023;FAD;322;5240;2;SKJ;59;146,9;56,6;
SKJ_20230312_12;891;12/03/2023;FAD;322;5240;2;SKJ;62;145,6;57,6;
SKJ_20230312_13;891;12/03/2023;FAD;322;5240;2;SKJ;60;147,8;55,8;
SKJ_20230312_14;891;12/03/2023;FAD;322;5240;2;SKJ;63;147;50,7;
SKJ_20230312_15;891;12/03/2023;FAD;322;5240;2;SKJ;60;144,6;51,8;
SKJ_20230312_16;891;12/03/2023;FAD;322;5240;2;SKJ;58;145,5;61,9;
SKJ_20230312_17;891;12/03/2023;FAD;322;5240;2;SKJ;60;146;51,3;
SKJ_20230312_18;891;12/03/2023;FAD;322;5240;2;SKJ;64;143,6;54;
SKJ_20230312_19;891;12/03/2023;FAD;322;5240;2;SKJ;59;149,8;60,9;
SKJ_20230312_20;891;12/03/2023;FAD;322;5240;2;SKJ;59;148,4;56,3;
